timestamp_utc,lat,lon,best_relay,distance_km,path_type,geometric_los,worst_fresnel_fraction,pred_rssi_dbm_q90,meets_planning_threshold,meets_sensitivity
2026-05-23T13:36:01+00:00,44.26750162616372,-71.32697934284806,ammo_relay,0.316,line_of_sight,True,1.888,-55.6,True,True
2026-05-23T13:38:05+00:00,44.267508666962385,-71.32688839919865,ammo_relay,0.31,line_of_sight,True,1.21,-56.7,True,True
2026-05-23T13:40:02+00:00,44.26756205968559,-71.32676795125008,ammo_relay,0.305,line_of_sight,True,0.196,-61.0,True,True
2026-05-23T13:42:02+00:00,44.267645543441176,-71.32652571424842,ammo_relay,0.293,line_of_sight,True,0.558,-56.3,True,True
2026-05-23T13:44:00+00:00,44.26744731143117,-71.32599891163409,ammo_relay,0.246,line_of_sight,True,0.935,-55.1,True,True
2026-05-23T13:46:01+00:00,44.26741546019912,-71.32558325305581,ammo_relay,0.218,line_of_sight,True,0.961,-52.8,True,True
2026-05-23T13:48:01+00:00,44.26742476411164,-71.32543011568487,ammo_relay,0.21,line_of_sight,True,1.121,-51.8,True,True
2026-05-23T13:50:00+00:00,44.26732761785388,-71.324891326949,ammo_relay,0.172,line_of_sight,True,1.057,-50.1,True,True
2026-05-23T13:52:02+00:00,44.26691480912268,-71.32458220236003,ammo_relay,0.121,line_of_sight,True,1.147,-47.1,True,True
2026-05-23T13:54:00+00:00,44.26660434342921,-71.324333678931,ammo_relay,0.084,line_of_sight,True,0.581,-43.9,True,True
2026-05-23T13:56:01+00:00,44.266481548547745,-71.32411901839077,ammo_relay,0.062,line_of_sight,True,0.949,-41.3,True,True
2026-05-23T13:58:00+00:00,44.266400998458266,-71.3237844966352,ammo_relay,0.036,line_of_sight,True,1.378,-36.5,True,True
2026-05-23T14:00:01+00:00,44.26622279919684,-71.32360990159214,ammo_relay,0.012,co_located,True,inf,26.3,True,True
2026-05-23T14:02:02+00:00,44.26621835678816,-71.32358483970165,ammo_relay,0.011,co_located,True,inf,26.3,True,True
2026-05-23T14:04:01+00:00,44.26621835678816,-71.32358483970165,ammo_relay,0.011,co_located,True,inf,26.3,True,True
2026-05-23T14:06:07+00:00,44.26620511338115,-71.32359573617578,ammo_relay,0.01,co_located,True,inf,26.3,True,True
2026-05-23T14:08:01+00:00,44.26620511338115,-71.32359573617578,ammo_relay,0.01,co_located,True,inf,26.3,True,True
2026-05-23T14:10:04+00:00,44.26620276644826,-71.32360856048763,ammo_relay,0.011,co_located,True,inf,26.3,True,True
2026-05-23T14:12:06+00:00,44.266225984320045,-71.32357536815107,ammo_relay,0.011,co_located,True,inf,26.3,True,True
2026-05-23T14:14:05+00:00,44.266213746741414,-71.32358768954873,ammo_relay,0.01,co_located,True,inf,26.3,True,True
2026-05-23T14:16:03+00:00,44.26621173508465,-71.32359967567027,ammo_relay,0.011,co_located,True,inf,26.3,True,True
2026-05-23T14:18:03+00:00,44.26619832403958,-71.32357972674072,ammo_relay,0.009,co_located,True,inf,26.3,True,True
2026-05-23T14:20:03+00:00,44.266106793656945,-71.3233944028616,ammo_relay,0.009,co_located,True,inf,26.3,True,True
2026-05-23T14:22:04+00:00,44.2659000121057,-71.3232625555247,ammo_relay,0.034,line_of_sight,True,1.2,-35.9,True,True
2026-05-23T14:24:05+00:00,44.265757855027914,-71.32307706400752,ammo_relay,0.055,line_of_sight,True,0.705,-40.2,True,True
2026-05-23T14:26:05+00:00,44.26560044288635,-71.3231507409364,ammo_relay,0.068,line_of_sight,True,1.91,-42.0,True,True
2026-05-23T14:28:07+00:00,44.265379244461656,-71.32313246838748,ammo_relay,0.091,line_of_sight,True,0.543,-50.6,True,True
2026-05-23T14:30:01+00:00,44.265148071572185,-71.3232804927975,ammo_relay,0.114,line_of_sight,True,0.43,-53.4,True,True
2026-05-23T14:32:06+00:00,44.26488010212779,-71.32309097796679,ammo_relay,0.146,line_of_sight,False,-1.068,-81.9,True,True
2026-05-23T14:34:04+00:00,44.26479209214449,-71.32291219197214,ammo_relay,0.159,line_of_sight,False,-1.089,-79.9,True,True
2026-05-23T14:36:05+00:00,44.26486283540726,-71.32284161634743,ammo_relay,0.153,line_of_sight,False,-0.654,-75.1,True,True
2026-05-23T14:38:06+00:00,44.26497389562428,-71.32264539599419,ammo_relay,0.148,line_of_sight,False,-0.635,-74.6,True,True
2026-05-23T14:40:04+00:00,44.26481572911143,-71.3228843640536,ammo_relay,0.157,line_of_sight,False,-0.995,-79.1,True,True
2026-05-23T14:42:01+00:00,44.264817824587226,-71.32285536266863,ammo_relay,0.157,line_of_sight,False,-1.052,-80.2,True,True
2026-05-23T14:44:02+00:00,44.264598805457354,-71.32287162356079,ammo_relay,0.18,line_of_sight,False,-0.063,-61.7,True,True
2026-05-23T14:46:00+00:00,44.26431750878692,-71.32247691974044,ammo_relay,0.22,line_of_sight,False,-1.294,-84.2,True,True
2026-05-23T14:48:01+00:00,44.2640973161906,-71.32204516790807,ammo_relay,0.256,line_of_sight,False,-2.058,-95.0,True,True
2026-05-23T14:50:03+00:00,44.26383395679295,-71.3220127299428,ammo_relay,0.284,line_of_sight,False,-1.959,-95.2,True,True
2026-05-23T14:52:05+00:00,44.263557186350226,-71.3218039367348,ammo_relay,0.319,line_of_sight,False,-2.341,-100.7,False,True
2026-05-23T14:54:00+00:00,44.26323942840099,-71.3216102309525,ammo_relay,0.357,line_of_sight,False,-2.422,-102.4,False,True
2026-05-23T14:56:03+00:00,44.26292695105076,-71.32105995900929,ammo_relay,0.408,line_of_sight,False,-3.097,-104.4,False,True
2026-05-23T14:58:01+00:00,44.262574994936585,-71.32081068120897,ammo_relay,0.452,line_of_sight,False,-3.043,-106.1,False,True
2026-05-23T15:00:00+00:00,44.26227383315563,-71.32073591463268,ammo_relay,0.484,line_of_sight,False,-2.92,-104.2,False,True
2026-05-23T15:02:02+00:00,44.26203025504947,-71.32048102095723,ammo_relay,0.518,line_of_sight,False,-2.88,-106.4,False,True
2026-05-23T15:04:06+00:00,44.26202220842242,-71.32047515362501,ammo_relay,0.519,line_of_sight,False,-2.885,-106.4,False,True
2026-05-23T15:06:01+00:00,44.26202220842242,-71.32047515362501,ammo_relay,0.519,line_of_sight,False,-2.885,-106.4,False,True
2026-05-23T15:08:00+00:00,44.26184727810323,-71.3203844614327,ammo_relay,0.539,line_of_sight,False,-2.749,-105.2,False,True
2026-05-23T15:10:00+00:00,44.261338748037815,-71.3204391952604,ammo_relay,0.588,line_of_sight,False,-2.584,-103.0,False,True
2026-05-23T15:12:03+00:00,44.26111763343215,-71.32026460021734,ammo_relay,0.616,line_of_sight,False,-2.61,-106.6,False,True
2026-05-23T15:14:03+00:00,44.26089526154101,-71.31991993635893,ammo_relay,0.65,line_of_sight,False,-2.599,-105.7,False,True
2026-05-23T15:16:02+00:00,44.260736675933,-71.31982555612922,ammo_relay,0.67,line_of_sight,False,-2.62,-103.2,False,True
2026-05-23T15:18:03+00:00,44.26058320328593,-71.31996494717896,ammo_relay,0.68,line_of_sight,False,-2.342,-101.5,False,True
2026-05-23T15:20:04+00:00,44.26031523384154,-71.31981776095927,ammo_relay,0.712,line_of_sight,False,-2.201,-101.5,False,True
2026-05-23T15:22:06+00:00,44.26010015420616,-71.31977518089116,ammo_relay,0.736,line_of_sight,False,-2.247,-103.1,False,True
2026-05-23T15:24:01+00:00,44.259736463427544,-71.3197279907763,ammo_relay,0.774,line_of_sight,False,-2.098,-103.4,False,True
2026-05-23T15:26:00+00:00,44.25921066664159,-71.31950561888516,ammo_relay,0.835,line_of_sight,False,-2.325,-114.5,False,True
2026-05-23T15:28:01+00:00,44.25884194672108,-71.31927218288183,ammo_relay,0.88,line_of_sight,False,-2.816,-116.2,False,True
2026-05-23T15:30:01+00:00,44.25866584293544,-71.31914167664945,jewell_relay,3.091,line_of_sight,False,-1.012,-118.2,False,True
2026-05-23T15:32:05+00:00,44.2586765717715,-71.31906699389219,jewell_relay,3.092,line_of_sight,False,-1.016,-118.3,False,True
2026-05-23T15:34:00+00:00,44.258661568164825,-71.31905559450388,jewell_relay,3.094,line_of_sight,False,-1.015,-118.3,False,True
2026-05-23T15:36:01+00:00,44.25870121456683,-71.31896121427417,ammo_relay,0.904,line_of_sight,False,-2.779,-115.0,False,True
2026-05-23T15:38:02+00:00,44.258784614503384,-71.3181806076318,ammo_relay,0.922,line_of_sight,False,-3.059,-118.6,False,True
2026-05-23T15:40:01+00:00,44.25875804387033,-71.31799042224884,jewell_relay,3.122,line_of_sight,False,-1.123,-106.3,False,True
2026-05-23T15:42:04+00:00,44.25891352817416,-71.31727402098477,jewell_relay,3.133,line_of_sight,False,-1.173,-111.4,False,True
2026-05-23T15:44:00+00:00,44.25908259116113,-71.31654948927462,jewell_relay,3.144,line_of_sight,False,-1.253,-107.1,False,True
2026-05-23T15:46:00+00:00,44.259384255856276,-71.31607130169868,ammo_relay,0.957,line_of_sight,False,-3.168,-115.1,False,True
2026-05-23T15:48:00+00:00,44.26008028909564,-71.31527116522193,ammo_relay,0.94,line_of_sight,False,-2.825,-116.5,False,True
2026-05-23T15:50:02+00:00,44.26034901291132,-71.31455333903432,ammo_relay,0.961,line_of_sight,False,-3.191,-114.6,False,True
2026-05-23T15:52:04+00:00,44.260927783325315,-71.31385973654687,ammo_relay,0.962,line_of_sight,False,-3.424,-116.0,False,True
2026-05-23T15:54:05+00:00,44.26094907335937,-71.31383433938026,ammo_relay,0.962,line_of_sight,False,-3.424,-116.1,False,True
2026-05-23T15:56:21+00:00,44.26094907335937,-71.31383433938026,ammo_relay,0.962,line_of_sight,False,-3.424,-116.1,False,True
2026-05-23T15:58:00+00:00,44.260956114158034,-71.31378312595189,ammo_relay,0.965,line_of_sight,False,-3.417,-115.8,False,True
2026-05-23T16:00:02+00:00,44.26148836500943,-71.3129860907793,jewell_relay,3.073,line_of_sight,False,-1.437,-121.0,False,True
2026-05-23T16:02:01+00:00,44.26169724203646,-71.31264746189117,ammo_relay,0.995,line_of_sight,False,-3.363,-119.8,False,True
2026-05-23T16:04:00+00:00,44.26197468303144,-71.31213901564479,jewell_relay,3.07,line_of_sight,False,-1.449,-120.5,False,True
2026-05-23T16:06:08+00:00,44.26255026832223,-71.31155052222311,jewell_relay,3.049,line_of_sight,False,-1.558,-120.5,False,True
2026-05-23T16:08:00+00:00,44.26291672512889,-71.31077385507524,jewell_relay,3.058,line_of_sight,False,-1.617,-120.5,False,True
2026-05-23T16:10:04+00:00,44.263817025348544,-71.30969200283289,jewell_relay,3.041,line_of_sight,False,-1.772,-112.2,False,True
2026-05-23T16:12:02+00:00,44.26454440690577,-71.30896093323827,jewell_relay,3.024,line_of_sight,False,-1.853,-115.8,False,True
2026-05-23T16:14:01+00:00,44.26535116508603,-71.30845919251442,jewell_relay,2.99,line_of_sight,False,-1.899,-117.2,False,True
2026-05-23T16:16:01+00:00,44.26618357189,-71.30830069072545,jewell_relay,2.937,line_of_sight,False,-1.858,-116.1,False,True
2026-05-23T16:18:01+00:00,44.26702226512134,-71.30818912759423,jewell_relay,2.882,line_of_sight,False,-1.781,-110.7,False,True
2026-05-23T16:20:00+00:00,44.2674458026886,-71.3077989500016,jewell_relay,2.876,line_of_sight,False,-1.728,-115.8,False,True
2026-05-23T16:22:06+00:00,44.26814912818372,-71.30775611847639,ammo_relay,1.271,line_of_sight,False,-2.116,-108.4,False,True
